{
  "vad_timeline": [
    [
      0.594,
      19.934
    ],
    [
      22.802000000000003,
      31.358
    ],
    [
      32.53,
      84.094
    ],
    [
      84.21,
      97.31
    ],
    [
      97.77799999999999,
      101.886
    ],
    [
      103.21799999999999,
      125.502
    ],
    [
      126.80199999999999,
      141.854
    ],
    [
      142.93,
      183.198
    ],
    [
      183.346,
      214.078
    ],
    [
      214.386,
      248.862
    ],
    [
      250.226,
      272.318
    ],
    [
      273.13800000000003,
      291.486
    ],
    [
      293.074,
      305.54999999999995
    ]
  ],
  "stutter_cuts": [],
  "final_timeline": [
    [
      0.594,
      19.934
    ],
    [
      22.802000000000003,
      31.358
    ],
    [
      32.53,
      84.094
    ],
    [
      84.21,
      97.31
    ],
    [
      97.77799999999999,
      101.886
    ],
    [
      103.21799999999999,
      125.502
    ],
    [
      126.80199999999999,
      141.854
    ],
    [
      142.93,
      183.198
    ],
    [
      183.346,
      214.078
    ],
    [
      214.386,
      248.862
    ],
    [
      250.226,
      272.318
    ],
    [
      273.13800000000003,
      291.486
    ],
    [
      293.074,
      305.54999999999995
    ]
  ],
  "total_duration": 292.3959999999999,
  "original_duration": 305.67
}